{
  "main.py": 1775362437.836592,
  "core\\downloader.py": 1775363219.1670663,
  "core\\extractor.py": 1775363576.9211264,
  "core\\models.py": 1775382215.5823586,
  "core\\pipeline.py": 1775567294.5707393,
  "core\\tools.py": 1775567391.531005,
  "core\\vision.py": 1775382215.5843582,
  "core\\__init__.py": 1775326275.9640498,
  "tests\\test_downloader.py": 1775567294.5707393,
  "tests\\test_extractor.py": 1775326449.845332,
  "tests\\test_gui_smoke.py": 1775567294.5707393,
  "tests\\test_pipeline.py": 1775567294.5707393,
  "tests\\test_tools.py": 1775464632.153448,
  "tests\\test_vision.py": 1775362437.8325908,
  "tests\\__init__.py": 1775326135.9510677,
  "ui\\frame_card.py": 1775567790.913272,
  "ui\\gallery_widget.py": 1775567909.0301154,
  "ui\\input_panel.py": 1775567294.5707393,
  "ui\\log_panel.py": 1775567294.5707393,
  "ui\\main_window.py": 1775567980.278241,
  "ui\\prompt_panel.py": 1775567525.5345335,
  "ui\\settings_panel.py": 1775567980.278241,
  "ui\\tools_panel.py": 1775567391.531005,
  "ui\\zoom_viewer.py": 1775567525.5425353,
  "ui\\__init__.py": 1775326275.9640498,
  "utils\\file_utils.py": 1775567525.5485365,
  "utils\\i18n.py": 1775362437.836592,
  "utils\\prompt_history.py": 1775567537.9653356,
  "utils\\settings.py": 1775567935.0482607,
  "utils\\__init__.py": 1775326275.9640498,
  "workers\\pipeline_worker.py": 1775567294.5707393,
  "workers\\__init__.py": 1775326275.9640498,
  "agents.md": 1775691525.9431329,
  "how.md": 1775326817.536987,
  "KNOWLEDGE_GRAPH.md": 1775326629.9334354,
  "plan.md": 1775568224.2838743,
  "README.md": 1775326568.5141,
  "requirements.txt": 1775326275.9390442,
  "spec.md": 1775568538.2104678
}